use fodraszat_adatbazis;

insert into helyszin
values
(1,1011,'Széll Kálmán tér 5.'),
(2,1138,'Váci út 178.'),
(3,1094,'Ráday utca 11.'),
(4,1012,'Krisztina körút 49.'),
(5,1066,'Teréz körút 38.'),
(6,1074,'Dohány utca 32.'),
(7,1089,'Baross utca 8.'),
(8,1132,'Visegrádi utca 4.'),
(9,1111,'Bartók Béla út 23.'),
(10,1146,'Állatkerti körút 12.'),
(11,1024,'Retek utca 15.'),
(12,1051,'Deák Ferenc tér 3.'),
(13,1103,'Gyáli út 2.'),
(14,1042,'Kőbányai út 45.'),
(15,1137,'Pozsonyi út 25.'),
(16,1075,'Kazinczy utca 10.'),
(17,1149,'Thököly út 76.'),
(18,1082,'Baross tér 7.'),
(19,1123,'Alkotás utca 50.'),
(20,1033,'Bécsi út 123.'),
(21,4025,'Piac utca 33.'),
(22,4032,'Nagyerdei körút 98.'),
(23,4028,'Bajcsy-Zsilinszky utca 17.'),
(24,4031,'Szent Anna utca 62.'),
(25,4026,'Pallagi út 15.'),
(26,4027,'Gáz utca 21.'),
(27,4030,'Simonffy utca 8.'),
(28,4029,'Tessedik Sámuel utca 47.'),
(29,4033,'Kossuth utca 9.'),
(30,4041,'Damjanich utca 3.'),
(31,4034,'Böszörményi út 29.'),
(32,4024,'Kálvin tér 11.'),
(33,4042,'Jerikó utca 6.'),
(34,4011,'Kassai út 41.'),
(35,4012,'Ótemető utca 17.'),
(36,4010,'Nyíl utca 28.'),
(37,4052,'Komlóssy utca 4.'),
(38,4061,'Egyetem sugárút 55.'),
(39,4062,'Erzsébet utca 12.'),
(40,4051,'Pesti út 37.'),
(41,6720,'Tisza Lajos körút 48.'),
(42,6724,'Széchenyi tér 12.'),
(43,6700,'Aradi vértanúk tere 9.'),
(44,6722,'Kálvária sugárút 33.'),
(45,6701,'Gutenberg tér 6.'),
(46,6726,'Alsóváros tér 21.'),
(47,6715,'Csongrádi sugárút 17.'),
(48,6728,'Klauzál tér 42.'),
(49,6710,'Dugonics tér 29.'),
(50,6727,'Szentháromság tér 8.'),
(51,6725,'Kálvária sugárút 5.'),
(52,6708,'Tábornok utca 13.'),
(53,6712,'József Attila sugárút 7.'),
(54,6723,'Mars tér 14.'),
(55,6716,'Dorozsmai út 20.'),
(56,6702,'Kígyó utca 25.'),
(57,6714,'Hold utca 11.'),
(58,6717,'Vitéz utca 4.'),
(59,6721,'Gutenberg tér 3.'),
(60,6703,'Munkácsy utca 38.'),
(61,1136,'Hegedűs Gyula utca 13.'),
(62,1088,'Baross utca 55.'),
(63,1107,'Jászberényi út 29.'),
(64,1062,'Szinyei Merse utca 8.'),
(65,1115,'Budafoki út 7.'),
(66,1134,'Váci út 92.'),
(67,1037,'Bécsi út 193.'),
(68,1054,'Károly körút 28.'),
(69,1097,'Nagyvárad tér 10.'),
(70,1147,'Népsziget utca 41.'),
(71,4035,'Jerikó utca 15.'),
(72,6729,'Széchenyi tér 33.'),
(73,6704,'Aradi vértanúk tere 14.'),
(74,6723,'Kálvária sugárút 72.'),
(75,6709,'Gutenberg tér 18.'),
(76,6725,'Alsóváros tér 34.'),
(77,6711,'Csongrádi sugárút 29.'),
(78,6727,'Klauzál tér 57.'),
(79,6710,'Dugonics tér 18.'),
(80,6726,'Szentháromság tér 22.'),
(81,6705,'Kálvária sugárút 7.'),
(82,6722,'Tábornok utca 25.'),
(83,6715,'József Attila sugárút 11.'),
(84,6721,'Mars tér 26.'),
(85,6707,'Dorozsmai út 8.'),
(86,6713,'Kígyó utca 47.'),
(87,6720,'Hold utca 30.'),
(88,6716,'Vitéz utca 17.'),
(89,6724,'Gutenberg tér 44.'),
(90,6708,'Munkácsy utca 62.'),
(91,2700,'Kossuth Lajos utca 12.'),
(92,2700,'Petőfi Sándor utca 24.'),
(93,2700,'Ady Endre utca 6.'),
(94,2700,'Szabadság tér 17.'),
(95,2700,'Szent István út 33.'),
(96,2700,'Bajcsy-Zsilinszky út 8.'),
(97,2700,'Vasvári Pál utca 21.'),
(98,2700,'Hunyadi utca 45.'),
(99,2700,'Arany János utca 10.'),
(100,2700,'Széchenyi utca 3.');

insert into uzlet
values
(1,'Bálint Gábor',100),
(2,'Orosz Roland',99),
(3,'Nagy Dorina Dorina',98),
(4,'Borbély Tamás',97),
(5,'Szilágyi Dorka',96),
(6,'Jakab Ramóna',95),
(7,'Szilágyi Csaba',94),
(8,'Orbán Sára',93),
(9,'Hegedűs Balázs',92),
(10,'Szőke József',91),
(11,'Kiss Lilla',90),
(12,'Lengyel Lilla',89),
(13,'Deák Csaba',88),
(14,'Borbély Dominik',87),
(15,'Farkas Petra Alexandra',86),
(16,'Papp Ákos',85),
(17,'Katona Petra Dzsenifer',84),
(18,'Szekeres Emma',83),
(19,'Gáspár Csenge',82),
(20,'Lengyel Nikolett Anna',81),
(21,'Balog Barbara Dorka',80),
(22,'Pataki János',79),
(23,'Varga Amanda',78),
(24,'Veres Kitti Gergely',77),
(25,'Orosz Dorka',76),
(26,'Pál Dominik',75),
(27,'Orosz Ádám',74),
(28,'Virág Amanda',73),
(29,'Bakos Flóra',72),
(30,'Kovács Adrienn',71),
(31,'Kelemen Sára',70),
(32,'Hegedüs Lili Kinga',69),
(33,'Simon Anna',68),
(34,'Nagy Bianka',67),
(35,'Szabó Csaba',66),
(36,'Szabó Bálint Tibor',65),
(37,'Kozma Gergely',64),
(38,'Pintér Zsófia',63),
(39,'Csonka Panna',62),
(40,'Deák Anna Hanna',61),
(41,'Fábián Sándor',60),
(42,'Bakos Attila',59),
(43,'Mezei Laura',58),
(44,'Sándor Petra',57),
(45,'Rácz Kevin',56),
(46,'Tóth Emese',55),
(47,'Hajdu Dávid',54),
(48,'Kelemen Olivér',53),
(49,'Csonka Zalán István',52),
(50,'László Adrienn',51),
(51,'Sándor Zsombor',50),
(52,'Székely Zsófia',49),
(53,'Bognár Ákos Adrienn',48),
(54,'Horváth Evelin',47),
(55,'Budai Nikolett',46),
(56,'Kelemen Emese Csenge',45),
(57,'Váradi Blanka',44),
(58,'Major Erik',43),
(59,'Bálint István Levente',42),
(60,'Fülöp Noémi',41),
(61,'Németh Márk',40),
(62,'Faragó Sára',39),
(63,'Barna Martin',38),
(64,'Mezei Vanessza',37),
(65,'Varga Ádám',36),
(66,'Horváth Laura',35),
(67,'Horváth Olivér',34),
(68,'Jónás Laura',33),
(69,'Mészáros Dóra',32),
(70,'Lukács Norbert',31),
(71,'Lukács Laura',30),
(72,'Papp Gábor',29),
(73,'Bodnár Marcell',28),
(74,'Fazekas Erik',27),
(75,'Bálint Virág',26),
(76,'Bálint Dzsenifer Hanna',25),
(77,'Kelemen Olivér Anna',24),
(78,'Kiss Nikolett Fanni',23),
(79,'Fazekas Virág',22),
(80,'Novák Emma',21),
(81,'Deák Nóra',20),
(82,'Máté Dorka',19),
(83,'Jónás Ákos',18),
(84,'Hegedűs Zsolt',17),
(85,'Bognár Ramóna',16),
(86,'Bakos Márk',15),
(87,'Jakab Gréta Zoltán',14),
(88,'Kiss Csaba',13),
(89,'Németh Lilla',12),
(90,'Király Petra',11),
(91,'Sárközi Richárd',10),
(92,'Sándor Gergely',9),
(93,'Lakatos Amanda',8),
(94,'Papp Flóra',7),
(95,'Orbán Noémi',6),
(96,'Varga Dóra',5),
(97,'Fülöp Anna',4),
(98,'Fekete Veronika',3),
(99,'Bakos Ferenc Dzsenifer',2),
(100,'Bálint Adrienn',1);

insert into fodrasz
values
('+36703547620','Borbély Luca','borbélyluca@tutanota.com'),
('+36307656558','Szőke Áron','szőkeáron@yandex.com'),
('+36707816881','László Patrik','lászlópatrik@gmx.com'),
('06309150856','Bakos Fanni Kinga','bakosfannikinga@mailinator.com'),
('06700842815','Sándor Zsófia','sándorzsófia@yandex.com'),
('06706153656','Bodnár Emese','bodnáremese@aol.com'),
('06305675597','Orbán András','orbánandrás@protonmail.org'),
('06309780057','Péter Alexandra Csenge','péteralexandracsenge@mailinator.com'),
('06304409189','Pap Dóra','papdóra@gmail.com'),
('+36309640478','Lengyel Sándor','lengyelsándor@gmx.com'),
('06300435587','Vörös Viktória Alexandra','vörösviktóriaalexandra@icloud.com'),
('+36209619690','Orbán Emese Adrienn','orbánemeseadrienn@icloud.com'),
('06306659613','Vincze Eszter','vinczeeszter@mailinator.com'),
('06308820191','Gáspár Enikő','gáspárenikő@yandex.com'),
('+36202991155','Varga Krisztina','vargakrisztina@yandex.com'),
('06704995021','Pál Kinga','pálkinga@mailinator.com'),
('06308182163','Pál Blanka','pálblanka@gmail.com'),
('06700941706','Vass Emma Petra','vassemmapetra@icloud.com'),
('06206449352','Jónás Fruzsina','jónásfruzsina@gmx.com'),
('06705380885','Kocsis Kata Dorka','kocsiskatadorka@gmx.com'),
('+36304073828','Pintér Eszter','pintéreszter@mailinator.com'),
('+36204319929','Balázs Péter','balázspéter@gmail.com'),
('+36700872927','Tóth Nikolett','tóthnikolett@yahoo.com'),
('06308905635','Tamás Kata','tamáskata@outlook.com'),
('06705352085','Katona Dzsenifer Blanka','katonadzseniferblanka@outlook.com'),
('06307546030','Major Balázs','majorbalázs@outlook.com'),
('+36306104596','Novák Adrienn','novákadrienn@aol.com'),
('06300877375','Lakatos Zsombor','lakatoszsombor@ckik.hu'),
('+36202889717','Fodor Bianka','fodorbianka@protonmail.org'),
('06201287519','Katona Petra','katonapetra@gmail.com'),
('06706086593','László Vivien','lászlóvivien@protonmail.org'),
('+36707926061','Pap Luca','papluca@icloud.com'),
('06706749757','Tóth Dzsenifer','tóthdzsenifer@gmx.com'),
('+36706236848','Gáspár Amanda','gáspáramanda@mail.com'),
('06303628521','Fülöp Richárd','fülöprichárd@zoho.com'),
('06200511584','Horváth Kinga','horváthkinga@gmx.com'),
('06205632891','Balázs Emma','balázsemma@yandex.com'),
('06206107713','Szűcs Emma','szűcsemma@zoho.com'),
('06204812773','Antal Sándor Barnabás','antalsándorbarnabás@mailinator.com'),
('+36206475263','Farkas Patrik Márton','farkaspatrikmárton@aol.com'),
('06209073790','Jakab Noémi','jakabnoémi@outlook.com'),
('+36701379877','Orosz Dorka Lilla','oroszdorkalilla@tutanota.com'),
('06309386929','Lengyel Laura Vivien','lengyellauravivien@ckik.hu'),
('+36205093449','Kerekes Amanda','kerekesamanda@outlook.com'),
('+36702002128','Balázs Nikolett','balázsnikolett@mail.com'),
('06303769722','Szücs Tímea','szücstímea@aol.com'),
('+36203315427','Pintér Márton Krisztián','pintérmártonkrisztián@gmail.com'),
('+36309782040','Orsós Luca Flóra','orsóslucaflóra@tutanota.com'),
('+36703616768','Csonka Emese','csonkaemese@mail.com'),
('+36705626104','Virág Gréta','virággréta@zoho.com'),
('+36205767567','Farkas Laura','farkaslaura@aol.com'),
('06304061833','Jakab Ramóna','jakabramóna@mailinator.com'),
('06708654685','Tamás Boglárka','tamásboglárka@outlook.com'),
('06701258744','Dudás Gábor','dudásgábor@yandex.com'),
('+36702504881','Fazekas Dzsenifer','fazekasdzsenifer@icloud.com'),
('+36300479332','Barta Rebeka','bartarebeka@tutanota.com'),
('+36705007248','Hajdu Petra','hajdupetra@tutanota.com'),
('+36709532735','Soós Csaba Patrik','soóscsabapatrik@zoho.com'),
('06206486313','Barna Krisztián','barnakrisztián@mailinator.com'),
('+36701282624','Orosz Bálint','oroszbálint@protonmail.org'),
('06306536621','Hegedüs Fruzsina','hegedüsfruzsina@ckik.hu'),
('06702874430','Farkas Noémi','farkasnoémi@mail.com'),
('+36200878477','Simon Bianka','simonbianka@outlook.com'),
('06307690778','Novák Martin','novákmartin@yahoo.com'),
('06308085413','Máté István','mátéistván@tutanota.com'),
('06709675101','Bodnár Nikolett Eszter','bodnárnikoletteszter@outlook.com'),
('+36207806888','Vass Alexandra','vassalexandra@icloud.com'),
('+36309109558','Máté Kevin','mátékevin@gmail.com'),
('06302436530','Lengyel Zsolt','lengyelzsolt@yahoo.com'),
('06205259936','Novák Erik','novákerik@yahoo.com'),
('06204219705','Virág Martin','virágmartin@zoho.com'),
('+36706902694','Rácz Dorka','ráczdorka@protonmail.org'),
('06707027608','Vincze Gergely','vinczegergely@yandex.com'),
('06209916345','Farkas Emese','farkasemese@tutanota.com'),
('+36703272013','Barna Ádám','barnaádám@protonmail.org'),
('+36700365504','Márton Réka','mártonréka@yandex.com'),
('06208760149','Szabó Dorka','szabódorka@mail.com'),
('+36308065629','Király Viktória Panna','királyviktóriapanna@outlook.com'),
('06701401322','Szalai Nóra','szalainóra@protonmail.org'),
('06705341143','Balog Barnabás','balogbarnabás@gmx.com'),
('06703203246','Máté Fanni','mátéfanni@aol.com'),
('+36301473643','Takács Fanni','takácsfanni@mail.com'),
('+36300633835','Mezei Eszter','mezeieszter@gmx.com'),
('+36200782195','Fábián Noémi','fábiánnoémi@protonmail.org'),
('+36706726488','Kis Kristóf Dominik','kiskristófdominik@yahoo.com'),
('06301179780','Márton Gergely','mártongergely@yandex.com'),
('+36203946882','Fekete Zsófia','feketezsófia@yandex.com'),
('+36705827706','Gulyás Rebeka','gulyásrebeka@mailinator.com'),
('06301324560','Dudás Vanessza','dudásvanessza@tutanota.com'),
('+36204090289','Kovács Dorina','kovácsdorina@yandex.com'),
('06302993380','Papp Anna','pappanna@ckik.hu'),
('06201446312','Gulyás Kristóf','gulyáskristóf@yandex.com'),
('06707848645','Oláh Adrienn','oláhadrienn@ckik.hu'),
('06308454744','Szabó Enikő','szabóenikő@yahoo.com'),
('+36705703323','Barta Márk','bartamárk@ckik.hu'),
('06708778848','Hegedűs Anna','hegedűsanna@outlook.com'),
('06301434862','Sándor Lili','sándorlili@yahoo.com'),
('06707669294','Hajdu Vivien','hajduvivien@protonmail.org'),
('+36209352575','Rácz Emese','ráczemese@gmx.com'),
('06708061661','Orbán Norbert Zoltán','orbánnorbertzoltán@protonmail.org');

insert into vendeg
values
('06703194113','Szűcs Norbert','szűcsnorbert@yahoo.com'),
('+36202957314','Deák József','deákjózsef@yahoo.com'),
('06708985816','Orbán Péter','orbánpéter@mailinator.com'),
('+36202500890','Szücs Marcell','szücsmarcell@yahoo.com'),
('06300523894','Szücs Kristóf Szabolcs','szücskristófszabolcs@protonmail.org'),
('+36704064778','Barna Marcell Benedek','barnamarcellbenedek@tutanota.com'),
('06300727760','Németh Márk Márk','némethmárkmárk@gmail.com'),
('06702105736','Papp Balázs Bálint','pappbalázsbálint@yandex.com'),
('06205508154','Király Áron Roland','királyáronroland@aol.com'),
('06304782256','Bodnár Ádám','bodnárádám@mailinator.com'),
('06203386370','Kerekes Krisztina','kerekeskrisztina@protonmail.org'),
('06206833835','Székely Dávid','székelydávid@zoho.com'),
('06702266352','Deák Tibor Fruzsina','deáktiborfruzsina@icloud.com'),
('+36301095981','Papp Zoltán','pappzoltán@ckik.hu'),
('06704912883','Balázs Réka','balázsréka@tutanota.com'),
('06300184698','Sándor Vivien','sándorvivien@icloud.com'),
('06705602373','Szilágyi Norbert Benedek','szilágyinorbertbenedek@yahoo.com'),
('06202185154','Szalai Viktória','szalaiviktória@aol.com'),
('06305038351','Nagy Attila Kevin','nagyattilakevin@tutanota.com'),
('06305630760','Gulyás Tibor','gulyástibor@zoho.com'),
('+36308153996','Szabó Gréta','szabógréta@gmx.com'),
('06304592065','Sándor Nikolett','sándornikolett@yahoo.com'),
('06203725014','Varga Petra','vargapetra@outlook.com'),
('06208142469','Szűcs Levente János','szűcsleventejános@mail.com'),
('+36708104229','Horváth Ferenc','horváthferenc@yahoo.com'),
('06304357543','Vincze Eszter Kitti','vinczeeszterkitti@yahoo.com'),
('06703304916','Fehér Balázs Kevin','fehérbalázskevin@ckik.hu'),
('06701213257','Orosz Emese','oroszemese@mail.com'),
('06202859535','Orsós Adrienn Dzsenifer','orsósadrienndzsenifer@aol.com'),
('06307160967','Pál Zsolt','pálzsolt@tutanota.com'),
('+36208318844','Veres Liliána','veresliliána@yahoo.com'),
('06304109973','Antal Amanda','antalamanda@zoho.com'),
('06703386807','Kovács Petra','kovácspetra@outlook.com'),
('06301135564','Kocsis Csenge','kocsiscsenge@mailinator.com'),
('06308300569','Barna Olivér','barnaolivér@outlook.com'),
('06704819687','Gulyás Patrik Zalán','gulyáspatrikzalán@tutanota.com'),
('+36202141109','Kocsis Bianka','kocsisbianka@ckik.hu'),
('06701953504','Szücs Milán','szücsmilán@mail.com'),
('+36708372781','Gál Jázmin Bianka','gáljázminbianka@yahoo.com'),
('06203244713','Fehér Ákos','fehérákos@gmail.com'),
('06708710039','Vincze Vanessza','vinczevanessza@aol.com'),
('06203021521','Balogh Petra Ramóna','baloghpetraramóna@mailinator.com'),
('06204036090','Székely István','székelyistván@tutanota.com'),
('+36703624932','Vörös Petra','vöröspetra@zoho.com'),
('+36705724297','Török Dorottya','törökdorottya@zoho.com'),
('06207272370','Balla Fruzsina Fruzsina','ballafruzsinafruzsina@yahoo.com'),
('06204262054','Kiss Noémi','kissnoémi@tutanota.com'),
('+36208809894','Vincze Marcell','vinczemarcell@zoho.com'),
('+36208073826','Sárközi Máté','sárközimáté@aol.com'),
('06301124302','Vincze Eszter','vinczeeszter@protonmail.org'),
('06201377978','Bálint Áron','bálintáron@ckik.hu'),
('06702737785','Virág Liliána','virágliliána@mail.com'),
('06703134571','Péter Sándor Péter','pétersándorpéter@yahoo.com'),
('06308349606','Sárközi Kinga','sárközikinga@mail.com'),
('+36203100593','Kovács Barnabás Zoltán','kovácsbarnabászoltán@gmail.com'),
('+36309433811','Boros Lili','boroslili@outlook.com'),
('06709770572','Vörös Dominik','vörösdominik@ckik.hu'),
('06304213046','Balog Tamás','balogtamás@tutanota.com'),
('06208354012','Király Nikolett','királynikolett@mailinator.com'),
('06701442883','Takács Liliána Panna','takácsliliánapanna@zoho.com'),
('06304353853','Orosz András','oroszandrás@zoho.com'),
('06203639761','Balogh Amanda','baloghamanda@gmx.com'),
('+36301565849','Barna Flóra','barnaflóra@protonmail.org'),
('06301142037','Szalai Tibor Róbert','szalaitiborróbert@zoho.com'),
('06705550029','Vincze Gergő','vinczegergő@gmx.com'),
('06304177142','Nagy Bálint','nagybálint@mailinator.com'),
('06200841471','Virág Hanna','virághanna@zoho.com'),
('06708169157','Katona Ramóna Boglárka','katonaramónaboglárka@outlook.com'),
('+36700143698','Tóth Dániel Barnabás','tóthdánielbarnabás@mail.com'),
('+36706399971','Dudás Panna','dudáspanna@ckik.hu'),
('06204417885','Nemes Gergő','nemesgergő@ckik.hu'),
('06709401966','Szabó Dóra Zsófia','szabódórazsófia@mail.com'),
('06207614298','Gál Máté','gálmáté@yahoo.com'),
('+36707818842','Takács Veronika','takácsveronika@protonmail.org'),
('+36207226862','Vörös Balázs','vörösbalázs@icloud.com'),
('06708433376','Nagy Krisztián Zalán','nagykrisztiánzalán@outlook.com'),
('+36201921949','Fehér Dorka','fehérdorka@mail.com'),
('06206166955','Hegedüs Olivér','hegedüsolivér@mail.com'),
('06708075230','László Benjámin','lászlóbenjámin@ckik.hu'),
('06704453143','Fülöp Benedek','fülöpbenedek@mailinator.com'),
('06308628713','Virág Dániel','virágdániel@tutanota.com'),
('+36703258747','Kelemen Tamás','kelementamás@mail.com'),
('06303578104','Lakatos Lilla Luca','lakatoslillaluca@zoho.com'),
('+36206292280','Fülöp Dániel Erik','fülöpdánielerik@yahoo.com'),
('06207025156','Balla Levente','ballalevente@yahoo.com'),
('06703671639','Fekete Eszter','feketeeszter@icloud.com'),
('06307042328','Bodnár Csenge Enikő','bodnárcsengeenikő@gmail.com'),
('06307097791','Sándor Enikő Krisztina','sándorenikőkrisztina@gmx.com'),
('06701831133','Molnár Veronika','molnárveronika@protonmail.org'),
('06705466232','Gulyás Blanka','gulyásblanka@yahoo.com'),
('06707469741','Sándor Patrik Tamás','sándorpatriktamás@tutanota.com'),
('06306697055','Kerekes Kinga','kerekeskinga@yahoo.com'),
('06202681824','Balázs Kitti','balázskitti@ckik.hu'),
('06207086442','Szabó Liliána','szabóliliána@gmx.com'),
('06300109927','Virág Kitti Tímea','virágkittitímea@ckik.hu'),
('06308730042','Oláh Áron','oláháron@gmail.com'),
('06708664440','Gáspár Botond','gáspárbotond@ckik.hu'),
('+36708015570','Sándor Szabolcs Benjámin','sándorszabolcsbenjámin@mail.com'),
('+36300266318','Fehér Martin','fehérmartin@mail.com'),
('+36309794347','Antal Benjámin Zoltán','antalbenjáminzoltán@mailinator.com');

insert into szolgaltatas
values
('Hajmasszázs',2500,'00:20'),
('Fodrászati konzultáció',0,'00:15'),
('Hajfestés',8000,'01:30'),
('Hajvágás és szárítás',6000,'00:45'),
('Manikűr',4000,'00:45'),
('Pedikűr',4500,'00:45'),
('Frizura kisimítás',3500,'00:30'),
('Melírozás',10000,'02:00'),
('Hajpakolás',3000,'00:30'),
('Esküvői frizura',12000,'01:30'),
('Gyermek hajvágás',3500,'00:20'),
('Hajfonás',6000,'01:00'),
('Hajdúsítás',7000,'01:00'),
('Szakállvágás',2000,'00:30'),
('Hajsimítás',5000,'01:00'),
('Hullámosság',7000,'01:30'),
('Körömlakk eltávolítás',1000,'00:15'),
('Frizura tartósítás',4000,'01:00'),
('Hajfestés újra',7000,'01:30'),
('Frizura kiemelés',5500,'01:15'),
('Hajvágás',4500,'01:00');

insert into foglalas
values
(1,'Hajvágás','06701442883','+36703616768',57),
(2,'Hajdúsítás','06207614298','+36703547620',100),
(3,'Hajdúsítás','+36301565849','06701258744',22),
(4,'Frizura tartósítás','+36301565849','+36209352575',71),
(5,'Hajsimítás','06308300569','+36301473643',94),
(6,'Hajvágás','06201377978','+36202889717',85),
(7,'Hajdúsítás','+36703258747','+36202889717',41),
(8,'Hajdúsítás','06702105736','+36203946882',33),
(9,'Hajdúsítás','06307042328','+36309109558',17),
(10,'Hajmasszázs','06304357543','06705352085',69),
(11,'Pedikűr','06304357543','06709675101',67),
(12,'Hajfonás','+36708104229','06706086593',55),
(13,'Hajfestés újra','+36707818842','+36304073828',3),
(14,'Fodrászati konzultáció','+36202141109','+36707816881',49),
(15,'Frizura kisimítás','06301142037','06708778848',77),
(16,'Esküvői frizura','06304353853','06204812773',51),
(17,'Hullámosság','+36308153996','06306536621',98),
(18,'Hajvágás','+36703258747','06709675101',43),
(19,'Hajfestés','+36301095981','06302436530',72),
(20,'Frizura tartósítás','+36301565849','+36202889717',37),
(21,'Gyermek hajvágás','+36207226862','+36705626104',88),
(22,'Hajfestés újra','06207025156','06307546030',26),
(23,'Frizura tartósítás','06305630760','+36203946882',42),
(24,'Frizura kisimítás','+36208073826','06705352085',65),
(25,'Hajfestés újra','06704912883','06302993380',36),
(26,'Szakállvágás','06703386807','+36701282624',9),
(27,'Fodrászati konzultáció','06708075230','06201446312',95),
(28,'Hajsimítás','+36208318844','06307690778',69),
(29,'Melírozás','06701442883','06705352085',70),
(30,'Hajfestés','06201377978','06307690778',92),
(31,'Hajvágás','06704819687','06308820191',77),
(32,'Hajvágás','+36708104229','06306659613',63),
(33,'Hajfestés újra','06300523894','+36706726488',71),
(34,'Hullámosság','06207086442','06707027608',20),
(35,'Hajvágás és szárítás','06203021521','06705341143',9),
(36,'Frizura kiemelés','+36208318844','+36709532735',54),
(37,'Hajfonás','06202185154','06305675597',71),
(38,'Manikűr','+36309433811','06701258744',36),
(39,'Gyermek hajvágás','+36300266318','+36206475263',29),
(40,'Hajvágás és szárítás','06303578104','06308820191',83),
(41,'Szakállvágás','06307160967','06706153656',64),
(42,'Esküvői frizura','06202681824','06301434862',42),
(43,'Hajfestés újra','+36704064778','+36702504881',70),
(44,'Hajsimítás','+36309433811','06708061661',65),
(45,'Körömlakk eltávolítás','06304353853','+36304073828',78),
(46,'Hajvágás és szárítás','06203021521','+36206475263',34),
(47,'Gyermek hajvágás','+36208073826','06705380885',74),
(48,'Hajfonás','+36703624932','+36703547620',33),
(49,'Pedikűr','+36708015570','06309386929',64),
(50,'Pedikűr','06207086442','06309780057',63),
(51,'Manikűr','06705550029','+36200782195',18),
(52,'Hajmasszázs','+36206292280','06709675101',96),
(53,'Hajvágás','06708433376','+36205767567',59),
(54,'Hajdúsítás','06704819687','06308085413',25),
(55,'Hajfestés újra','06709401966','06306659613',98),
(56,'Hullámosság','06208142469','06301324560',44),
(57,'Fodrászati konzultáció','06203725014','+36701379877',74),
(58,'Hajfestés','+36202141109','+36206475263',85),
(59,'Hajfonás','06304213046','+36705007248',54),
(60,'Hajdúsítás','06304592065','+36706236848',69),
(61,'Frizura tartósítás','06208142469','+36703272013',79),
(62,'Frizura kiemelés','06204036090','06204219705',93),
(63,'Frizura kisimítás','06305038351','06209916345',54),
(64,'Frizura tartósítás','06304782256','06301324560',98),
(65,'Körömlakk eltávolítás','06203244713','06306659613',79),
(66,'Hajpakolás','06306697055','+36300633835',64),
(67,'Melírozás','06304177142','06706153656',4),
(68,'Körömlakk eltávolítás','06203386370','06709675101',69),
(69,'Hajpakolás','+36705724297','+36202991155',51),
(70,'Gyermek hajvágás','06304782256','+36205767567',63),
(71,'Gyermek hajvágás','06301124302','06209073790',95),
(72,'Szakállvágás','06703671639','06309150856',44),
(73,'Hajsimítás','06208354012','+36308065629',19),
(74,'Fodrászati konzultáció','+36203100593','+36306104596',93),
(75,'Hajpakolás','06203386370','06309386929',29),
(76,'Melírozás','06200841471','06308820191',23),
(77,'Gyermek hajvágás','06300523894','06704995021',37),
(78,'Hajvágás','+36708372781','+36703616768',67),
(79,'Hajfestés újra','06301124302','06300877375',92),
(80,'Gyermek hajvágás','06307097791','+36703547620',51),
(81,'Szakállvágás','06203639761','06200511584',20),
(82,'Frizura kisimítás','+36208809894','+36701282624',84),
(83,'Hajvágás és szárítás','06304592065','06300435587',39),
(84,'Hajsimítás','06203725014','+36306104596',85),
(85,'Melírozás','06305038351','06309386929',58),
(86,'Hajsimítás','06200841471','+36703616768',31),
(87,'Hajfestés','06206833835','+36202889717',60),
(88,'Pedikűr','06704819687','06309386929',53),
(89,'Hajfestés','06202681824','+36207806888',76),
(90,'Frizura kisimítás','06207086442','+36204090289',5),
(91,'Esküvői frizura','06304109973','06705380885',74),
(92,'Pedikűr','06203386370','06708061661',68),
(93,'Manikűr','06204036090','+36705007248',32),
(94,'Esküvői frizura','06204036090','06705341143',96),
(95,'Hajfestés','06300523894','+36309640478',22),
(96,'Hajvágás és szárítás','06703194113','+36705007248',83),
(97,'Körömlakk eltávolítás','06304213046','+36202889717',76),
(98,'Hajfonás','06201377978','06708654685',42),
(99,'Pedikűr','06701953504','06306659613',40),
(100,'Esküvői frizura','+36207226862','+36707816881',1);
