use fodraszat_adatbazis;

insert into helyszin
values
(1,1011,'Széll Kálmán tér 5.'),
(2,1138,'Váci út 178.'),
(3,1094,'Ráday utca 11.'),
(4,1012,'Krisztina körút 49.'),
(5,1066,'Teréz körút 38.'),
(6,1074,'Dohány utca 32.'),
(7,1089,'Baross utca 8.'),
(8,1132,'Visegrádi utca 4.'),
(9,1111,'Bartók Béla út 23.'),
(10,1146,'Állatkerti körút 12.'),
(11,1024,'Retek utca 15.'),
(12,1051,'Deák Ferenc tér 3.'),
(13,1103,'Gyáli út 2.'),
(14,1042,'Kőbányai út 45.'),
(15,1137,'Pozsonyi út 25.'),
(16,1075,'Kazinczy utca 10.'),
(17,1149,'Thököly út 76.'),
(18,1082,'Baross tér 7.'),
(19,1123,'Alkotás utca 50.'),
(20,1033,'Bécsi út 123.'),
(21,4025,'Piac utca 33.'),
(22,4032,'Nagyerdei körút 98.'),
(23,4028,'Bajcsy-Zsilinszky utca 17.'),
(24,4031,'Szent Anna utca 62.'),
(25,4026,'Pallagi út 15.'),
(26,4027,'Gáz utca 21.'),
(27,4030,'Simonffy utca 8.'),
(28,4029,'Tessedik Sámuel utca 47.'),
(29,4033,'Kossuth utca 9.'),
(30,4041,'Damjanich utca 3.'),
(31,4034,'Böszörményi út 29.'),
(32,4024,'Kálvin tér 11.'),
(33,4042,'Jerikó utca 6.'),
(34,4011,'Kassai út 41.'),
(35,4012,'Ótemető utca 17.'),
(36,4010,'Nyíl utca 28.'),
(37,4052,'Komlóssy utca 4.'),
(38,4061,'Egyetem sugárút 55.'),
(39,4062,'Erzsébet utca 12.'),
(40,4051,'Pesti út 37.'),
(41,6720,'Tisza Lajos körút 48.'),
(42,6724,'Széchenyi tér 12.'),
(43,6700,'Aradi vértanúk tere 9.'),
(44,6722,'Kálvária sugárút 33.'),
(45,6701,'Gutenberg tér 6.'),
(46,6726,'Alsóváros tér 21.'),
(47,6715,'Csongrádi sugárút 17.'),
(48,6728,'Klauzál tér 42.'),
(49,6710,'Dugonics tér 29.'),
(50,6727,'Szentháromság tér 8.'),
(51,6725,'Kálvária sugárút 5.'),
(52,6708,'Tábornok utca 13.'),
(53,6712,'József Attila sugárút 7.'),
(54,6723,'Mars tér 14.'),
(55,6716,'Dorozsmai út 20.'),
(56,6702,'Kígyó utca 25.'),
(57,6714,'Hold utca 11.'),
(58,6717,'Vitéz utca 4.'),
(59,6721,'Gutenberg tér 3.'),
(60,6703,'Munkácsy utca 38.'),
(61,1136,'Hegedűs Gyula utca 13.'),
(62,1088,'Baross utca 55.'),
(63,1107,'Jászberényi út 29.'),
(64,1062,'Szinyei Merse utca 8.'),
(65,1115,'Budafoki út 7.'),
(66,1134,'Váci út 92.'),
(67,1037,'Bécsi út 193.'),
(68,1054,'Károly körút 28.'),
(69,1097,'Nagyvárad tér 10.'),
(70,1147,'Népsziget utca 41.'),
(71,4035,'Jerikó utca 15.'),
(72,6729,'Széchenyi tér 33.'),
(73,6704,'Aradi vértanúk tere 14.'),
(74,6723,'Kálvária sugárút 72.'),
(75,6709,'Gutenberg tér 18.'),
(76,6725,'Alsóváros tér 34.'),
(77,6711,'Csongrádi sugárút 29.'),
(78,6727,'Klauzál tér 57.'),
(79,6710,'Dugonics tér 18.'),
(80,6726,'Szentháromság tér 22.'),
(81,6705,'Kálvária sugárút 7.'),
(82,6722,'Tábornok utca 25.'),
(83,6715,'József Attila sugárút 11.'),
(84,6721,'Mars tér 26.'),
(85,6707,'Dorozsmai út 8.'),
(86,6713,'Kígyó utca 47.'),
(87,6720,'Hold utca 30.'),
(88,6716,'Vitéz utca 17.'),
(89,6724,'Gutenberg tér 44.'),
(90,6708,'Munkácsy utca 62.'),
(91,2700,'Kossuth Lajos utca 12.'),
(92,2700,'Petőfi Sándor utca 24.'),
(93,2700,'Ady Endre utca 6.'),
(94,2700,'Szabadság tér 17.'),
(95,2700,'Szent István út 33.'),
(96,2700,'Bajcsy-Zsilinszky út 8.'),
(97,2700,'Vasvári Pál utca 21.'),
(98,2700,'Hunyadi utca 45.'),
(99,2700,'Arany János utca 10.'),
(100,2700,'Széchenyi utca 3.');

insert into uzlet
values
(1,'Kocsis Áron',100),
(2,'Szekeres Richárd Kristóf',99),
(3,'Király Kinga',98),
(4,'Vörös Áron',97),
(5,'Mészáros Levente',96),
(6,'Balázs Emese',95),
(7,'Katona József',94),
(8,'Csonka István Liliána',93),
(9,'Mezei Barnabás Botond',92),
(10,'Pásztor Szabolcs',91),
(11,'Gáspár József',90),
(12,'Biró Evelin',89),
(13,'Jakab Roland',88),
(14,'Horváth Barbara Noémi',87),
(15,'Magyar Krisztián',86),
(16,'Hegedüs Ramóna',85),
(17,'Lengyel Dorka',84),
(18,'Orosz Ferenc Vivien',83),
(19,'Takács Blanka Dominik',82),
(20,'Magyar Eszter',81),
(21,'Bodnár Csenge',80),
(22,'Kovács Márton',79),
(23,'Sándor Dávid',78),
(24,'Barta András Eszter',77),
(25,'Kerekes Rebeka Adrienn',76),
(26,'Szilágyi Levente',75),
(27,'Székely Csenge',74),
(28,'Pataki Kitti',73),
(29,'Gál Márton Benedek',72),
(30,'Faragó Péter',71),
(31,'Molnár Fruzsina Erik',70),
(32,'Halász Kitti',69),
(33,'Szilágyi Jázmin',68),
(34,'Kelemen Luca',67),
(35,'Veres István Dorka',66),
(36,'Sipos Bianka',65),
(37,'Juhász Dóra Zalán',64),
(38,'Tamás Fanni Kevin',63),
(39,'Fülöp Ákos',62),
(40,'Pál Dániel',61),
(41,'Pál Norbert',60),
(42,'Fazekas Eszter',59),
(43,'Veres Richárd János',58),
(44,'Somogyi Veronika',57),
(45,'Fülöp Barbara Bianka',56),
(46,'Gáspár Róbert',55),
(47,'Bognár Lilla Máté',54),
(48,'Varga Jázmin',53),
(49,'Soós Eszter',52),
(50,'Király Emese',51),
(51,'Orbán Zalán',50),
(52,'Kovács Dominik Krisztián',49),
(53,'Hajdu Dominik',48),
(54,'Fábián Attila',47),
(55,'Borbély Barbara',46),
(56,'Pap Bence Róbert',45),
(57,'Kiss Olivér',44),
(58,'Csonka Olivér',43),
(59,'Szekeres Tímea',42),
(60,'Vörös Vivien Kitti',41),
(61,'Biró Evelin Ferenc',40),
(62,'Katona Sándor',39),
(63,'Papp Nikolett',38),
(64,'Major Adrienn',37),
(65,'Szilágyi Blanka',36),
(66,'Máté Csenge',35),
(67,'Halász Fanni Zsófia',34),
(68,'Bálint Sára',33),
(69,'Szalai Jázmin',32),
(70,'Soós Balázs',31),
(71,'Fülöp Richárd',30),
(72,'Máté Marcell',29),
(73,'Csonka Dorottya',28),
(74,'Fábián Hanna',27),
(75,'Németh Tibor',26),
(76,'Takács Marcell',25),
(77,'Halász Jázmin',24),
(78,'Illés Gréta',23),
(79,'Soós Lili',22),
(80,'Pintér László Liliána',21),
(81,'Szalai Tibor Gréta',20),
(82,'Pataki Blanka Emma',19),
(83,'Gulyás Tímea Virág',18),
(84,'Orbán Adrienn',17),
(85,'Bodnár Emese',16),
(86,'Vass Dóra',15),
(87,'Boros Boglárka',14),
(88,'Veres Dorina Gábor',13),
(89,'Kerekes Gréta',12),
(90,'Hegedüs Tibor',11),
(91,'Márton Levente',10),
(92,'Novák Viktória',9),
(93,'Barta Nóra Máté',8),
(94,'Nagy Vivien',7),
(95,'Fehér Martin',6),
(96,'Barna Vanessza',5),
(97,'Vincze Kinga',4),
(98,'Gál Róbert Ákos',3),
(99,'Szőke Fanni',2),
(100,'Illés Dániel',1);

insert into fodrasz
values
('06301107024','Soós Zsófia Virág','soószsófiavirág@zoho.com'),
('06300000766','Halász Bálint','halászbálint@outlook.com'),
('06702990250','Márton Norbert','mártonnorbert@icloud.com'),
('+36703836770','Budai Gergely','budaigergely@aol.com'),
('+36309396060','Váradi Jázmin','váradijázmin@outlook.com'),
('06709916354','Hegedűs Kata','hegedűskata@tutanota.com'),
('06205185665','Székely Norbert','székelynorbert@outlook.com'),
('06300322919','Katona Viktória','katonaviktória@mail.com'),
('06309692045','Horváth Kitti Kinga','horváthkittikinga@outlook.com'),
('06305657255','Jónás Lili','jónáslili@mail.com'),
('+36307463092','Sipos Marcell','siposmarcell@mail.com'),
('06306690760','Szekeres Amanda','szekeresamanda@outlook.com'),
('+36302204951','Katona Enikő','katonaenikő@tutanota.com'),
('06309216746','Horváth Fruzsina Evelin','horváthfruzsinaevelin@outlook.com'),
('06208569000','Katona Lili Viktória','katonaliliviktória@yandex.com'),
('06305499670','Kiss Ferenc','kissferenc@mail.com'),
('06203340294','Nagy Márton','nagymárton@aol.com'),
('06702995343','Gál Réka','gálréka@aol.com'),
('06709320301','Kozma Emese','kozmaemese@gmx.com'),
('+36304953641','Pintér Ádám','pintérádám@ckik.hu'),
('06708736473','Somogyi Ferenc','somogyiferenc@yandex.com'),
('06704904548','Bakos Benjámin','bakosbenjámin@icloud.com'),
('06709304963','Borbély Gergely','borbélygergely@gmx.com'),
('06200925315','Boros Hanna','boroshanna@yahoo.com'),
('+36305285650','Varga Krisztina','vargakrisztina@aol.com'),
('06305931464','Gulyás Kevin','gulyáskevin@protonmail.org'),
('06708386244','Kovács Benjámin','kovácsbenjámin@mailinator.com'),
('06706959909','Budai Gábor Patrik','budaigáborpatrik@outlook.com'),
('06701464329','Kovács Ferenc','kovácsferenc@mail.com'),
('06209946011','Szilágyi Marcell','szilágyimarcell@ckik.hu'),
('06205803136','Kozma Ferenc','kozmaferenc@gmail.com'),
('+36700503128','Varga Laura','vargalaura@yahoo.com'),
('06702496744','Magyar Alexandra','magyaralexandra@outlook.com'),
('+36304984729','Boros Tibor','borostibor@protonmail.org'),
('+36307732895','Simon Dorottya','simondorottya@tutanota.com'),
('06209672873','Bogdán Lili','bogdánlili@tutanota.com'),
('06202915960','Kis András','kisandrás@gmail.com'),
('06308678388','Szabó Norbert Márk','szabónorbertmárk@mail.com'),
('06304969182','Fekete Evelin','feketeevelin@outlook.com'),
('+36706200089','Papp Adrienn','pappadrienn@mailinator.com'),
('06302286254','Molnár Alexandra','molnáralexandra@zoho.com'),
('+36204129382','Bodnár Roland','bodnárroland@ckik.hu'),
('06706282237','Virág Flóra','virágflóra@aol.com'),
('+36203759863','Sándor Marcell Szabolcs','sándormarcellszabolcs@aol.com'),
('+36706860546','Pintér Rebeka','pintérrebeka@gmail.com'),
('06306682828','László Gergely','lászlógergely@gmx.com'),
('06305995885','Jónás Anna','jónásanna@aol.com'),
('06706526570','Bognár Rebeka Nikolett','bognárrebekanikolett@outlook.com'),
('+36202673659','Pap Ádám','papádám@ckik.hu'),
('06701193051','Szűcs Zsolt','szűcszsolt@ckik.hu'),
('06707198535','Bognár Martin','bognármartin@aol.com'),
('06201011121','Gulyás Tibor','gulyástibor@zoho.com'),
('+36707224571','Pintér Ramóna','pintérramóna@mail.com'),
('+36700346470','Csonka Zalán Szabolcs','csonkazalánszabolcs@mail.com'),
('06301413872','Horváth Balázs','horváthbalázs@protonmail.org'),
('06205096148','Balázs Lilla','balázslilla@mail.com'),
('+36304351614','Székely Martin Gergő','székelymartingergő@mailinator.com'),
('+36307453088','László Csenge','lászlócsenge@yahoo.com'),
('06205435275','Kiss Emma Tímea','kissemmatímea@gmx.com'),
('+36300319801','Barna Sándor','barnasándor@outlook.com'),
('+36708970921','Tóth József','tóthjózsef@zoho.com'),
('+36205190713','Varga Péter Balázs','vargapéterbalázs@mail.com'),
('06702918517','Halász Boglárka','halászboglárka@aol.com'),
('+36203864249','Simon Ramóna','simonramóna@zoho.com'),
('06203551375','Székely Zoltán','székelyzoltán@ckik.hu'),
('06303050651','Kiss Zalán','kisszalán@outlook.com'),
('06708036251','Major Áron','majoráron@zoho.com'),
('06306095170','Fazekas Tamás','fazekastamás@mail.com'),
('06703153257','Mészáros Szabolcs','mészárosszabolcs@protonmail.org'),
('+36205310237','Biró Martin','birómartin@gmx.com'),
('06207739950','Antal Rebeka','antalrebeka@yandex.com'),
('06704898078','Rácz Dóra','ráczdóra@mail.com'),
('06701477882','Halász Kinga Fruzsina','halászkingafruzsina@outlook.com'),
('+36304586807','Szekeres Flóra','szekeresflóra@tutanota.com'),
('06204310236','Juhász Krisztián','juhászkrisztián@aol.com'),
('06304734244','Tóth Márk','tóthmárk@outlook.com'),
('+36302084741','Soós Réka','soósréka@gmail.com'),
('+36301898185','Fülöp Dorottya','fülöpdorottya@gmail.com'),
('+36307013063','Gál Jázmin','gáljázmin@outlook.com'),
('06701923124','László Kata','lászlókata@icloud.com'),
('+36203966960','Fodor Dorka','fodordorka@yahoo.com'),
('+36305565989','Hegedűs Zalán','hegedűszalán@yahoo.com'),
('06303992186','Budai Ferenc','budaiferenc@yahoo.com'),
('06300777366','Kis Kata Csenge','kiskatacsenge@outlook.com'),
('06308014351','Gáspár Gergő','gáspárgergő@tutanota.com'),
('06201504337','Pataki Fanni','patakifanni@ckik.hu'),
('06302087090','Deák József Gábor','deákjózsefgábor@icloud.com'),
('06707829973','Lengyel Lili','lengyellili@icloud.com'),
('06703864035','Lukács Bianka Virág','lukácsbiankavirág@mail.com'),
('+36305643921','Barta Bálint','bartabálint@tutanota.com'),
('+36206001437','Nemes Norbert','nemesnorbert@zoho.com'),
('+36700262026','Halász Dzsenifer','halászdzsenifer@gmx.com'),
('+36209794155','Gáspár Tímea','gáspártímea@ckik.hu'),
('+36203399855','Bognár Dorka','bognárdorka@ckik.hu'),
('06206242664','Tamás Barbara','tamásbarbara@yahoo.com'),
('+36207252750','Somogyi Dávid','somogyidávid@mailinator.com'),
('06301294690','Tamás József','tamásjózsef@tutanota.com'),
('+36200141731','Sárközi Adrienn','sárköziadrienn@yahoo.com'),
('06207613963','Jónás Kata','jónáskata@gmail.com'),
('06207163969','Hegedűs István','hegedűsistván@mailinator.com');

insert into vendeg
values
('+36301165225','Németh Dominik','némethdominik@tutanota.com'),
('+36307551074','Takács Bálint','takácsbálint@protonmail.org'),
('06304822186','Lengyel Veronika Adrienn','lengyelveronikaadrienn@gmail.com'),
('06204618229','Fekete Vivien','feketevivien@yandex.com'),
('06704238743','Illés Kristóf','illéskristóf@mailinator.com'),
('+36206509870','Deák Gergely Kevin','deákgergelykevin@mailinator.com'),
('+36301908899','Orosz Eszter Sára','oroszesztersára@tutanota.com'),
('06702932219','Balogh Nóra','baloghnóra@yandex.com'),
('06202617855','Virág Roland','virágroland@yandex.com'),
('06702574887','Szekeres Attila','szekeresattila@outlook.com'),
('06206634967','Szücs Krisztina','szücskrisztina@icloud.com'),
('06308329986','Vörös Barnabás','vörösbarnabás@zoho.com'),
('06704305281','Németh Áron Benedek','németháronbenedek@outlook.com'),
('+36309714540','Halász Sára','halászsára@protonmail.org'),
('06307765079','Márton Kata','mártonkata@icloud.com'),
('06304359700','Rácz Zoltán','ráczzoltán@zoho.com'),
('+36309134229','Halász Anna','halászanna@mail.com'),
('06304488865','Takács Evelin','takácsevelin@yandex.com'),
('06701822652','Lakatos Csenge','lakatoscsenge@icloud.com'),
('06200091419','Vass Barnabás Dávid','vassbarnabásdávid@aol.com'),
('06209254534','Török Krisztián','törökkrisztián@ckik.hu'),
('+36207559380','Márton Lili','mártonlili@ckik.hu'),
('06302757169','Nagy Barnabás','nagybarnabás@gmx.com'),
('06303296974','Barna Viktória','barnaviktória@icloud.com'),
('+36304738803','Nemes Nóra','nemesnóra@gmx.com'),
('+36207071157','Fodor Patrik Milán','fodorpatrikmilán@protonmail.org'),
('06306119457','Takács Noémi','takácsnoémi@yahoo.com'),
('06203067481','Faragó Bálint','faragóbálint@yahoo.com'),
('+36200384455','Péter Benjámin János','péterbenjáminjános@protonmail.org'),
('06709213924','Bognár Sára','bognársára@mail.com'),
('06305537187','Mezei Zsombor','mezeizsombor@icloud.com'),
('06304069964','Tamás Sándor','tamássándor@tutanota.com'),
('+36305175327','Novák Kitti','novákkitti@mailinator.com'),
('06701904254','Boros Kinga','boroskinga@ckik.hu'),
('06708329640','Török Zsombor','törökzsombor@mail.com'),
('06202935938','Faragó Flóra','faragóflóra@yandex.com'),
('06706920020','Orosz Benedek','oroszbenedek@gmx.com'),
('+36204970426','László Lilla','lászlólilla@ckik.hu'),
('+36201552421','Jónás Dorina','jónásdorina@gmx.com'),
('+36704607639','Rácz Nóra','rácznóra@yahoo.com'),
('06707729904','Pásztor Panna','pásztorpanna@yandex.com'),
('+36203150830','Fábián Dorina','fábiándorina@zoho.com'),
('06301459953','Borbély Tibor','borbélytibor@yahoo.com'),
('+36709733175','Fülöp Bálint','fülöpbálint@zoho.com'),
('06709165781','Máté Amanda','mátéamanda@yahoo.com'),
('06203387690','Lengyel Jázmin','lengyeljázmin@yandex.com'),
('06201877620','Fekete Jázmin','feketejázmin@mailinator.com'),
('+36708907494','Halász Patrik Dávid','halászpatrikdávid@protonmail.org'),
('06307676822','Lakatos Ákos','lakatosákos@mailinator.com'),
('06201203334','Pintér Benjámin Dániel','pintérbenjámindániel@zoho.com'),
('+36201253420','Fülöp Botond Benedek','fülöpbotondbenedek@yandex.com'),
('06702598254','Pataki Lilla','patakililla@ckik.hu'),
('06205495550','Kis Zalán','kiszalán@yahoo.com'),
('06207466308','Illés Péter','illéspéter@mailinator.com'),
('06709414654','Balázs Kristóf Roland','balázskristófroland@tutanota.com'),
('06303395902','Váradi Csaba','váradicsaba@tutanota.com'),
('06701569360','Kelemen Dávid','kelemendávid@gmail.com'),
('06701628997','Török Gábor','törökgábor@icloud.com'),
('+36709184061','Veres Gergő Ákos','veresgergőákos@ckik.hu'),
('+36302255341','Bakos László','bakoslászló@outlook.com'),
('06701015346','Szabó Noémi','szabónoémi@yahoo.com'),
('+36202539742','Lakatos András','lakatosandrás@gmail.com'),
('+36700659860','Gál Sára','gálsára@icloud.com'),
('06703537622','Varga Dávid','vargadávid@tutanota.com'),
('+36307374764','Vincze Enikő','vinczeenikő@protonmail.org'),
('06202250397','Rácz Evelin','ráczevelin@tutanota.com'),
('06201214554','Gál János','gáljános@yandex.com'),
('+36709480719','Lukács Dzsenifer','lukácsdzsenifer@protonmail.org'),
('+36209698595','Sárközi Szabolcs','sárköziszabolcs@mail.com'),
('06304223062','Bogdán Gergely Tamás','bogdángergelytamás@protonmail.org'),
('06302282938','László Dorottya','lászlódorottya@protonmail.org'),
('+36303143179','Pap István Márk','papistvánmárk@yandex.com'),
('06300261969','Gulyás Lilla','gulyáslilla@protonmail.org'),
('06206542868','Major József','majorjózsef@protonmail.org'),
('06201665006','Katona Alexandra Fruzsina','katonaalexandrafruzsina@yahoo.com'),
('06700114422','Sándor János Dominik','sándorjánosdominik@gmx.com'),
('06707131392','Csonka Krisztina','csonkakrisztina@aol.com'),
('06709038445','Fehér Evelin','fehérevelin@outlook.com'),
('06207415570','Hajdu Zsófia','hajduzsófia@ckik.hu'),
('06700111068','Katona Bianka Dorina','katonabiankadorina@mail.com'),
('06308027381','Pásztor Blanka Vanessza','pásztorblankavanessza@gmail.com'),
('06203266861','Kelemen László','kelemenlászló@aol.com'),
('+36706156151','Orbán Zsombor','orbánzsombor@tutanota.com'),
('06207707938','Takács Bálint','takácsbálint@protonmail.org'),
('06708002495','Kiss Flóra','kissflóra@gmx.com'),
('06301335059','Sárközi András','sárköziandrás@mailinator.com'),
('06700197528','Orbán Alexandra','orbánalexandra@outlook.com'),
('+36700633819','Kozma Panna Tímea','kozmapannatímea@protonmail.org'),
('06305375040','Kelemen Emma','kelemenemma@ckik.hu'),
('06707275763','Pintér Alexandra','pintéralexandra@yandex.com'),
('06307048409','Szücs Noémi','szücsnoémi@mail.com'),
('+36201751570','Tóth Panna','tóthpanna@aol.com'),
('+36702404754','Németh Gergő Krisztián','némethgergőkrisztián@ckik.hu'),
('06202586006','Deák Jázmin Krisztina','deákjázminkrisztina@icloud.com'),
('06200786663','Nagy Virág','nagyvirág@zoho.com'),
('06202579436','Vörös Dorka Dorka','vörösdorkadorka@zoho.com'),
('06204239428','Oláh Boglárka Adrienn','oláhboglárkaadrienn@icloud.com'),
('06702574534','Máté Panna','mátépanna@aol.com'),
('06301584182','Papp Márton','pappmárton@aol.com'),
('06304205097','Lengyel Dorka Dóra','lengyeldorkadóra@gmail.com');

insert into szolgaltatas
values
('Hajmasszázs',2500,'00:20'),
('Fodrászati konzultáció',0,'00:15'),
('Hajfestés',8000,'01:30'),
('Hajvágás és szárítás',6000,'00:45'),
('Manikűr',4000,'00:45'),
('Pedikűr',4500,'00:45'),
('Frizura kisimítás',3500,'00:30'),
('Melírozás',10000,'02:00'),
('Hajpakolás',3000,'00:30'),
('Esküvői frizura',12000,'01:30'),
('Gyermek hajvágás',3500,'00:20'),
('Hajfonás',6000,'01:00'),
('Hajdúsítás',7000,'01:00'),
('Szakállvágás',2000,'00:30'),
('Hajsimítás',5000,'01:00'),
('Hullámosság',7000,'01:30'),
('Körömlakk eltávolítás',1000,'00:15'),
('Frizura tartósítás',4000,'01:00'),
('Hajfestés újra',7000,'01:30'),
('Frizura kiemelés',5500,'01:15'),
('Hajvágás',4500,'01:00');

insert into foglalas
values
(1,'Hajmasszázs','06202579436','06701923124',84),
(2,'Manikűr','06304488865','06707829973',46),
(3,'Fodrászati konzultáció','06207707938','06706526570',80),
(4,'Szakállvágás','+36709480719','06304969182',8),
(5,'Hajdúsítás','+36204970426','+36309396060',66),
(6,'Frizura kisimítás','06304822186','06208569000',85),
(7,'Pedikűr','+36706156151','+36203399855',83),
(8,'Hajsimítás','06307676822','06707829973',88),
(9,'Frizura kisimítás','06701015346','+36203399855',7),
(10,'Szakállvágás','06701569360','06709304963',75),
(11,'Hajfestés újra','06307676822','06300322919',48),
(12,'Szakállvágás','+36700659860','+36304351614',63),
(13,'Frizura tartósítás','06206542868','06207739950',29),
(14,'Gyermek hajvágás','06307765079','+36304953641',1),
(15,'Frizura tartósítás','06200786663','+36304351614',37),
(16,'Pedikűr','06704238743','+36302084741',58),
(17,'Hajvágás','06701015346','+36202673659',2),
(18,'Hullámosság','06304069964','+36706860546',4),
(19,'Hajvágás és szárítás','06709213924','+36302084741',83),
(20,'Hajvágás','+36709480719','06708736473',66),
(21,'Pedikűr','06305537187','06301107024',96),
(22,'Körömlakk eltávolítás','+36709184061','06202915960',17),
(23,'Hajpakolás','06202586006','06305931464',69),
(24,'Hajmasszázs','06301335059','06707198535',85),
(25,'Hullámosság','06201203334','06707198535',4),
(26,'Hajfestés','06709414654','+36305643921',51),
(27,'Frizura kisimítás','06201214554','06309216746',21),
(28,'Hajpakolás','06706920020','06709916354',14),
(29,'Hullámosság','+36201751570','06306690760',95),
(30,'Hajmasszázs','06203266861','+36307013063',38),
(31,'Pedikűr','+36305175327','+36205190713',80),
(32,'Fodrászati konzultáció','06707131392','06702990250',29),
(33,'Körömlakk eltávolítás','+36201751570','+36307463092',46),
(34,'Hajvágás és szárítás','+36309134229','06201011121',71),
(35,'Hajpakolás','06201203334','06708036251',13),
(36,'Esküvői frizura','+36309134229','+36307013063',4),
(37,'Hajfestés újra','06704305281','06206242664',10),
(38,'Hullámosság','06701569360','+36203966960',91),
(39,'Hullámosság','+36309714540','06701923124',82),
(40,'Frizura kiemelés','06702574887','06306682828',53),
(41,'Szakállvágás','06708002495','06302286254',47),
(42,'Pedikűr','06701015346','06301294690',58),
(43,'Hajpakolás','06707729904','+36707224571',55),
(44,'Hajvágás és szárítás','06201214554','+36700262026',8),
(45,'Hajfonás','06701628997','+36209794155',93),
(46,'Frizura tartósítás','+36702404754','+36700346470',24),
(47,'Hajfestés','06209254534','+36304586807',4),
(48,'Melírozás','06304223062','+36301898185',33),
(49,'Hajmasszázs','+36309714540','06706526570',61),
(50,'Hullámosság','06304069964','+36301898185',28),
(51,'Hajvágás és szárítás','06706920020','+36205310237',35),
(52,'Hajmasszázs','06306119457','06204310236',6),
(53,'Manikűr','06300261969','06706959909',37),
(54,'Hajvágás és szárítás','06205495550','06207739950',72),
(55,'Frizura kisimítás','06304488865','06202915960',6),
(56,'Hajfestés újra','+36702404754','06708736473',71),
(57,'Szakállvágás','06209254534','06707198535',2),
(58,'Hajvágás és szárítás','06304069964','+36700503128',23),
(59,'Körömlakk eltávolítás','+36307374764','+36302084741',46),
(60,'Manikűr','06200091419','+36304953641',85),
(61,'Esküvői frizura','+36209698595','06303992186',65),
(62,'Hajpakolás','06707729904','06208569000',52),
(63,'Esküvői frizura','06707131392','06209946011',60),
(64,'Hajvágás','06300261969','+36204129382',24),
(65,'Hajvágás és szárítás','06304205097','06704898078',84),
(66,'Hullámosság','06300261969','06302087090',90),
(67,'Hajpakolás','+36206509870','+36307453088',53),
(68,'Hullámosság','+36207071157','+36202673659',13),
(69,'Hajvágás','06702598254','+36300319801',18),
(70,'Hajfestés','06701569360','06701464329',23),
(71,'Fodrászati konzultáció','06301584182','06205435275',43),
(72,'Hajmasszázs','06300261969','06706959909',7),
(73,'Manikűr','06205495550','06209946011',24),
(74,'Esküvői frizura','06706920020','06309692045',73),
(75,'Frizura tartósítás','+36702404754','06200925315',37),
(76,'Frizura tartósítás','+36202539742','06304734244',19),
(77,'Pedikűr','06304488865','+36205190713',44),
(78,'Hajfestés','06303296974','06309216746',61),
(79,'Hullámosság','06201203334','+36301898185',78),
(80,'Hajfestés','06709165781','06707829973',70),
(81,'Körömlakk eltávolítás','+36201253420','06209946011',24),
(82,'Hajvágás','+36207071157','06203551375',61),
(83,'Esküvői frizura','06700197528','06202915960',19),
(84,'Frizura kisimítás','+36201751570','+36706200089',44),
(85,'Manikűr','06707729904','06309216746',86),
(86,'Hajfestés','06207707938','+36203399855',100),
(87,'Hajpakolás','+36209698595','06201011121',99),
(88,'Hajdúsítás','06304069964','06205435275',37),
(89,'Hajmasszázs','06207466308','06205435275',33),
(90,'Frizura kisimítás','06205495550','06709304963',3),
(91,'Hajfonás','+36307551074','06207163969',27),
(92,'Hajfestés újra','06200786663','06706959909',81),
(93,'Hajfestés','06701904254','06301413872',74),
(94,'Frizura kisimítás','06304822186','06205435275',95),
(95,'Hajdúsítás','06709213924','06300777366',27),
(96,'Hullámosság','06201214554','06301107024',13),
(97,'Pedikűr','06304205097','06208569000',79),
(98,'Frizura kisimítás','+36301908899','06306690760',71),
(99,'Hajvágás és szárítás','06206634967','06702496744',9),
(100,'Frizura tartósítás','06201214554','+36302204951',46);
